{"created":"2015-02-06T11:57:05.455+0000","optionSets":[{"id":"iumZGgAnBM3","name":"State","created":"2014-11-23T06:11:09.456+0000","lastUpdated":"2014-12-18T12:38:42.046+0000","options":["functional","not functional","non-existing"],"version":1},{"id":"nStzhuzjMWO","name":"Priority","created":"2014-11-23T06:11:39.090+0000","lastUpdated":"2014-12-18T12:38:42.047+0000","options":["high","low","medium"],"version":1},{"id":"ckvJN8jqJ54","name":"Intervention","created":"2014-11-23T06:12:35.614+0000","lastUpdated":"2014-12-18T12:38:42.048+0000","options":["Routine Maintenance","Repair","Reconstruction","None"],"version":1},{"id":"aZyWufA1lnK","name":"hii-Estado funcional","created":"2014-12-31T12:18:21.889+0000","lastUpdated":"2014-12-31T12:18:32.000+0000","options":["Boa","Em risco","Mau"],"version":1},{"id":"qs6w93vrJ5V","name":"hii-Salubridade","created":"2014-12-31T12:19:05.855+0000","lastUpdated":"2014-12-31T12:19:05.855+0000","options":["Boa","Em risco","Mau"],"version":1},{"id":"ei3NWNf5r5o","name":"hii-Segurança","created":"2014-12-31T12:19:53.469+0000","lastUpdated":"2014-12-31T12:19:53.469+0000","options":["Boa","Em risco","Mau"],"version":1},{"id":"DeIAKMjYeBs","name":"hii-Condiçoes de uso","created":"2014-12-31T12:20:29.301+0000","lastUpdated":"2014-12-31T12:20:29.301+0000","options":["Boa","Em risco","Mau"],"version":1},{"id":"dECqbhl7waI","name":"hii-Actividades feitas","created":"2014-12-31T12:22:06.243+0000","lastUpdated":"2014-12-31T12:22:06.243+0000","options":["Limpeza","Lubrificado","Inspecção","Pintura","Substituição","Reparação","Outras "],"version":1},{"id":"GBjlOWb0ase","name":"hii-Tarefas Necesarias","created":"2014-12-31T12:22:54.584+0000","lastUpdated":"2014-12-31T12:23:10.997+0000","options":["Preventivas","Correctivas"],"version":2},{"id":"bitQh10tX0f","name":"hii-Orçamento ","created":"2014-12-31T12:25:47.207+0000","lastUpdated":"2014-12-31T12:25:47.207+0000","options":["< 1.000 MTn","1.000 e < 10.000 MTn","10.000 e < 100.000 MTn","100.000 e < 650.000 MTn","> 650.000 MTn"],"version":1},{"id":"S1AEYQ4bRRI","name":"hii-Tipo de Complejo","created":"2015-02-04T07:26:54.400+0000","lastUpdated":"2015-02-04T07:26:54.400+0000","options":["300 Urbano","320 Rústico"],"version":1},{"id":"z29QaAXDxfk","name":"hii-Infrastructuras Agua Sanitaria","created":"2015-02-04T07:29:56.075+0000","lastUpdated":"2015-02-04T07:29:56.075+0000","options":["Agua estancada","Pozo","Bomba manual","Recogida pluvial ","Bomba electrica "," Mini sistema de abastecimiento","Red regeneral","Sin nada"],"version":1},{"id":"xmLkIZ9Qmjs","name":"hii-Infraestructuras Electricidad","created":"2015-02-04T07:32:59.644+0000","lastUpdated":"2015-02-04T07:32:59.644+0000","options":["Red general","Generador","Paneles fotovoltaicos","Sin energia"],"version":1},{"id":"yHKh13F9tlU","name":"hii-Infraestructuras Tratamiento de Residuos","created":"2015-02-04T07:36:18.146+0000","lastUpdated":"2015-02-04T07:36:18.146+0000","options":["Muro area de tratamiento de residuos","Fosa residuos biologicos","Inicineradora"],"version":1},{"id":"NuBUis5Zfj3","name":"hii-Infrastructuras Agua Sucia","created":"2015-02-04T07:31:34.649+0000","lastUpdated":"2015-02-04T08:50:59.270+0000","options":["Fosa septica","Dreno","Red de saneamiento / alcantarillado"],"version":2},{"id":"lc0Je3GfM9h","name":"hii-Estado(prueba)","created":"2015-02-04T10:06:51.288+0000","lastUpdated":"2015-02-04T10:28:56.550+0000","options":["Funcional, limpio","Funcional, insalubre","No funcional, limpio","No funcional, insalubre","Inexistente"],"version":2}]}