{"created":"2015-02-06T11:57:46.537+0000","trackedEntities":[{"id":"hHZjQuUr3m7","name":"Vehicle","created":"2014-10-13T05:06:58.789+0000","lastUpdated":"2014-10-16T08:40:10.589+0000","description":"Vehicle"},{"id":"y7OItrV7Lum","name":"hii - Sanitary Complex","created":"2014-10-14T05:00:17.977+0000","lastUpdated":"2015-02-06T11:45:33.810+0000","description":"Sanitary Complex for the hii module"},{"id":"EawlYwOO61R","name":"hii - Building","created":"2014-04-14T05:54:40.854+0000","lastUpdated":"2015-02-06T11:47:31.415+0000","description":"Building for the hii module"}]}