{"created":"2015-02-06T11:58:28.931+0000","trackedEntityAttributes":[{"id":"S3ExYBfdEiW","name":"Superfície do quintal (m2)","created":"2014-11-25T07:12:38.236+0000","lastUpdated":"2015-01-12T02:56:44.257+0000","shortName":"surface","description":"surface of the complex","valueType":"number","inherit":false,"displayOnVisitSchedule":false,"displayInListNoProgram":false,"confidential":false,"unique":false,"orgunitScope":false,"programScope":false},{"id":"EYXjVgZvwtz","name":"Ano de criação","created":"2014-11-25T07:10:55.108+0000","lastUpdated":"2015-01-12T02:57:30.917+0000","shortName":"Ano de criação","description":"creation year of the sanitary complex","valueType":"number","inherit":false,"displayOnVisitSchedule":false,"displayInListNoProgram":false,"confidential":false,"unique":false,"orgunitScope":false,"programScope":false},{"id":"BxEBErSO9XL","name":"Nível","created":"2015-01-10T05:52:27.319+0000","lastUpdated":"2015-01-12T02:58:20.881+0000","shortName":"Nível","description":"level of sanitary complex","valueType":"number","inherit":false,"displayOnVisitSchedule":false,"displayInListNoProgram":false,"confidential":false,"unique":false,"orgunitScope":false,"programScope":false},{"id":"I8nmYEvUz63","name":"Da manutenção","created":"2015-01-10T05:54:03.874+0000","lastUpdated":"2015-01-12T02:59:57.144+0000","shortName":"Da manutenção","description":"maintenance chief of sanitary complex","valueType":"string","inherit":false,"displayOnVisitSchedule":false,"displayInListNoProgram":false,"confidential":false,"unique":false,"orgunitScope":false,"programScope":false},{"id":"GBAHLeGkFCH","name":"Da gestão do património","created":"2015-01-10T05:54:28.240+0000","lastUpdated":"2015-01-12T03:00:21.637+0000","shortName":"Da gestão do património","description":"treasurer of sanitary complex","valueType":"string","inherit":false,"displayOnVisitSchedule":false,"displayInListNoProgram":false,"confidential":false,"unique":false,"orgunitScope":false,"programScope":false},{"id":"GzvdpyW7EJ1","name":"Uso","created":"2015-01-10T05:55:12.491+0000","lastUpdated":"2015-01-12T03:01:43.753+0000","shortName":"Uso","description":"use of a building","valueType":"string","inherit":false,"displayOnVisitSchedule":false,"displayInListNoProgram":false,"confidential":false,"unique":false,"orgunitScope":false,"programScope":false},{"id":"MY6zz9Qw9dc","name":"Numero de edificios","created":"2014-10-17T00:17:47.231+0000","lastUpdated":"2014-10-17T00:17:47.231+0000","shortName":"Nombre del edifícios","description":"Nombre del edifícios","valueType":"number","inherit":false,"displayOnVisitSchedule":false,"displayInListNoProgram":false,"confidential":false,"unique":false,"orgunitScope":false,"programScope":false},{"id":"BvZqiccLXYp","name":"Existe plano director","created":"2014-11-25T07:13:10.304+0000","lastUpdated":"2015-02-04T06:08:58.509+0000","shortName":"Existe plano director","description":"exists director plan","valueType":"bool","inherit":false,"optionSet":{"id":"iumZGgAnBM3","name":"State","created":"2014-11-23T06:11:09.456+0000","lastUpdated":"2014-12-18T12:38:42.046+0000"},"displayOnVisitSchedule":false,"displayInListNoProgram":false,"confidential":false,"unique":false,"orgunitScope":false,"programScope":false},{"id":"WR59Id9pZ3s","name":"Número de quartos","created":"2014-12-03T01:36:33.450+0000","lastUpdated":"2015-01-12T03:02:55.894+0000","shortName":"Número de quartos","description":"el numero de habitaciones de un edificio","valueType":"number","inherit":false,"displayOnVisitSchedule":false,"displayInListNoProgram":false,"confidential":false,"unique":false,"orgunitScope":false,"programScope":false},{"id":"XYandj5zxui","name":"Image","created":"2014-11-25T07:14:00.801+0000","lastUpdated":"2014-11-25T07:14:00.801+0000","shortName":"image","description":"the image of the complex","valueType":"string","inherit":false,"displayOnVisitSchedule":false,"displayInListNoProgram":false,"confidential":false,"unique":false,"orgunitScope":false,"programScope":false},{"id":"EJ4kEFnq3Es","name":"Tipo de US","created":"2015-01-10T05:51:55.776+0000","lastUpdated":"2015-02-04T07:40:15.820+0000","shortName":"Tipo de US","description":"type US for hii","valueType":"optionSet","inherit":false,"optionSet":{"id":"S1AEYQ4bRRI","name":"hii-Tipo de Complejo","created":"2015-02-04T07:26:54.400+0000","lastUpdated":"2015-02-04T07:26:54.400+0000"},"displayOnVisitSchedule":false,"displayInListNoProgram":false,"confidential":false,"unique":false,"orgunitScope":false,"programScope":false},{"id":"MjalZbFjghX","name":"Agua Sanitaria","created":"2015-02-04T08:04:00.760+0000","lastUpdated":"2015-02-04T08:04:00.765+0000","shortName":"Agua Sanitaria","description":"instalaciones de agua sanitaria de un complejo","valueType":"optionSet","inherit":false,"optionSet":{"id":"z29QaAXDxfk","name":"hii-Infrastructuras Agua Sanitaria","created":"2015-02-04T07:29:56.075+0000","lastUpdated":"2015-02-04T07:29:56.075+0000"},"displayOnVisitSchedule":false,"displayInListNoProgram":false,"confidential":false,"unique":false,"orgunitScope":false,"programScope":false},{"id":"IjIrE9oXwhm","name":"Descrição","created":"2014-11-25T07:13:35.768+0000","lastUpdated":"2015-01-12T02:55:50.326+0000","shortName":"Descrição","description":"Description of the Sanitary Complex","valueType":"string","inherit":false,"displayOnVisitSchedule":false,"displayInListNoProgram":false,"confidential":false,"unique":false,"orgunitScope":false,"programScope":false},{"id":"p3pfexaGKCO","name":"Nome","created":"2014-11-25T07:10:24.616+0000","lastUpdated":"2015-01-12T02:56:25.953+0000","shortName":"Nome","description":"the name of the Sanitary complex","valueType":"string","inherit":false,"displayOnVisitSchedule":false,"displayInListNoProgram":false,"confidential":false,"unique":false,"orgunitScope":false,"programScope":false},{"id":"bsGqQkaE56C","name":"Agua Sucia","created":"2015-02-04T08:04:58.485+0000","lastUpdated":"2015-02-04T08:04:58.489+0000","shortName":"Agua Sucia","description":"instalaciones de agua sucia de un complejo","valueType":"optionSet","inherit":false,"optionSet":{"id":"NuBUis5Zfj3","name":"hii-Infrastructuras Agua Sucia","created":"2015-02-04T07:31:34.649+0000","lastUpdated":"2015-02-04T08:50:59.270+0000"},"displayOnVisitSchedule":false,"displayInListNoProgram":false,"confidential":false,"unique":false,"orgunitScope":false,"programScope":false},{"id":"xT5qnP8584M","name":"Existe projeto executivo","created":"2014-12-03T01:39:10.530+0000","lastUpdated":"2015-01-12T03:06:11.688+0000","shortName":"Existe projeto executivo","description":"Existe Proyecto ejecutivo","valueType":"bool","inherit":false,"displayOnVisitSchedule":false,"displayInListNoProgram":false,"confidential":false,"unique":false,"orgunitScope":false,"programScope":false},{"id":"c4F04P36Onc","name":"Existe livro de manutenção","created":"2014-12-03T01:37:21.629+0000","lastUpdated":"2015-01-12T03:06:34.077+0000","shortName":"Existe livro de manutenção","description":"libro mantenimiento edificio","valueType":"bool","inherit":false,"displayOnVisitSchedule":false,"displayInListNoProgram":false,"confidential":false,"unique":false,"orgunitScope":false,"programScope":false},{"id":"ohs1qwhFyDX","name":"Car manufacturer","created":"2014-10-17T08:32:47.891+0000","lastUpdated":"2014-10-17T08:32:47.891+0000","shortName":"Car manufacturer","description":"Car manufacturer","valueType":"string","inherit":false,"displayOnVisitSchedule":false,"displayInListNoProgram":false,"confidential":false,"unique":false,"orgunitScope":false,"programScope":false},{"id":"v1cnGmYD65L","name":"Car model","created":"2014-10-19T09:00:31.006+0000","lastUpdated":"2014-10-19T09:00:31.006+0000","shortName":"Car model","description":"Car model","valueType":"string","inherit":false,"displayOnVisitSchedule":false,"displayInListNoProgram":false,"confidential":false,"unique":false,"orgunitScope":false,"programScope":false},{"id":"z6R2Mt53Y6R","name":"Plate number","created":"2014-10-17T06:48:36.056+0000","lastUpdated":"2014-10-17T06:48:36.057+0000","shortName":"Plate numbre","description":"Plate number","valueType":"string","inherit":false,"displayOnVisitSchedule":false,"displayInListNoProgram":false,"confidential":false,"unique":false,"orgunitScope":false,"programScope":false},{"id":"V0ovf71lOaU","name":"Electricidad","created":"2015-02-04T08:05:57.394+0000","lastUpdated":"2015-02-04T08:05:57.404+0000","shortName":"Electricidad","description":"instalaciones de electricidad de un complejo","valueType":"optionSet","inherit":false,"optionSet":{"id":"xmLkIZ9Qmjs","name":"hii-Infraestructuras Electricidad","created":"2015-02-04T07:32:59.644+0000","lastUpdated":"2015-02-04T07:32:59.644+0000"},"displayOnVisitSchedule":false,"displayInListNoProgram":false,"confidential":false,"unique":false,"orgunitScope":false,"programScope":false},{"id":"cM6Krrnj6x2","name":"Do Centro","created":"2015-01-10T05:53:21.862+0000","lastUpdated":"2015-01-12T05:15:26.515+0000","shortName":"Do Centro","description":"manager of sanitary complex","valueType":"string","inherit":false,"displayOnVisitSchedule":false,"displayInListNoProgram":false,"confidential":false,"unique":false,"orgunitScope":false,"programScope":false},{"id":"kW2iUiG1orb","name":"Valor do Edificio (Mtn)","created":"2015-01-22T19:02:17.370+0000","lastUpdated":"2015-01-22T19:02:17.371+0000","shortName":"Valor do Edificio (Mtn)","description":"valor do edificio en Mtn","valueType":"number","inherit":false,"displayOnVisitSchedule":false,"displayInListNoProgram":false,"confidential":false,"unique":false,"orgunitScope":false,"programScope":false},{"id":"A7ZsBA3Igd3","name":"Superfície Construida (m2)","created":"2014-11-05T04:17:02.688+0000","lastUpdated":"2015-01-23T14:36:47.474+0000","shortName":"Superfície Construida (m2)","description":"Superfície Construida (m2)","valueType":"number","inherit":false,"displayOnVisitSchedule":false,"displayInListNoProgram":false,"confidential":false,"unique":false,"orgunitScope":false,"programScope":false},{"id":"sAws81K3Pac","name":"Da gestão do património id","created":"2015-01-28T18:50:33.609+0000","lastUpdated":"2015-01-28T18:50:33.609+0000","shortName":"Da gestão do património id","description":"id do gestão do património ","valueType":"string","inherit":false,"displayOnVisitSchedule":false,"displayInListNoProgram":false,"confidential":false,"unique":false,"orgunitScope":false,"programScope":false},{"id":"TZwQA6C7JL0","name":"Da manutenção id","created":"2015-01-28T18:51:07.179+0000","lastUpdated":"2015-01-28T18:51:07.179+0000","shortName":"Da manutenção id","description":"id do manutenção","valueType":"string","inherit":false,"displayOnVisitSchedule":false,"displayInListNoProgram":false,"confidential":false,"unique":false,"orgunitScope":false,"programScope":false},{"id":"ln9v3kGX0TQ","name":"Do Centro id","created":"2015-01-28T18:52:07.820+0000","lastUpdated":"2015-01-28T18:52:07.820+0000","shortName":"Do Centro id","description":"id do responsável do centro","valueType":"string","inherit":false,"displayOnVisitSchedule":false,"displayInListNoProgram":false,"confidential":false,"unique":false,"orgunitScope":false,"programScope":false},{"id":"okaRJesJIk0","name":"Tratamiento de Residuos","created":"2015-02-04T08:07:50.478+0000","lastUpdated":"2015-02-04T08:07:50.483+0000","shortName":"Tratamiento de Residuos","description":"infrastructuras de gestion de residuos","valueType":"optionSet","inherit":false,"optionSet":{"id":"yHKh13F9tlU","name":"hii-Infraestructuras Tratamiento de Residuos","created":"2015-02-04T07:36:18.146+0000","lastUpdated":"2015-02-04T07:36:18.146+0000"},"displayOnVisitSchedule":false,"displayInListNoProgram":false,"confidential":false,"unique":false,"orgunitScope":false,"programScope":false}]}