{"created":"2015-02-06T11:53:39.017+0000","userRoles":[{"id":"Y8vswGAoksv","name":"User","created":"2014-04-08T14:08:06.518+0000","lastUpdated":"2014-11-10T05:06:07.008+0000","description":"user","authorities":["F_PROGRAM_STAGE_COMPLETENESS","F_PROGRAM_PUBLIC_ADD","F_PROGRAMSTAGE_SECTION_ADD","M_dhis-web-light","F_TRACKED_ENTITY_ATTRIBUTE_VIEW","F_TRACKED_ENTITY_DATAVALUE_ADD","M_dhis-web-mapping","M_dhis-web-pivot","M_dhis-web-maintenance-organisationunit","M_dhis-web-dashboard-integration","F_ACCESS_TRACKED_ENTITY_ATTRIBUTES","M_dhis-web-visualizer","M_dhis-web-mobile"]},{"id":"PyqNiv3mB6O","name":"Guest","created":"2014-11-10T05:09:36.419+0000","lastUpdated":"2014-11-10T05:09:36.419+0000","description":"Read - only","authorities":["M_dhis-web-dashboard-integration"],"dataSets":[{"id":"rBFGRdPaU3e","name":"Hii Report","created":"2014-11-05T03:51:46.009+0000","lastUpdated":"2015-01-13T00:28:40.545+0000"}]},{"id":"AwGYfLJQ2rr","name":"hii_user","created":"2014-11-05T07:25:34.296+0000","lastUpdated":"2014-11-10T06:05:40.477+0000","description":"Hii user","authorities":["M_dhis-web-dashboard-integration","F_TRACKED_ENTITY_INSTANCE_MANAGEMENT","F_TRACKED_ENTITY_INSTANCE_DASHBOARD"],"dataSets":[{"id":"rBFGRdPaU3e","name":"Hii Report","created":"2014-11-05T03:51:46.009+0000","lastUpdated":"2015-01-13T00:28:40.545+0000"}]},{"id":"BMf8FATPvBR","name":"Superuser","created":"2014-11-13T08:37:49.228+0000","lastUpdated":"2014-12-18T12:38:42.051+0000","authorities":["F_CHART_PUBLIC_ADD","F_METADATA_SUBSET_IMPORT","F_DASHBOARD_PUBLIC_ADD","F_INSERT_CUSTOM_JS_CSS","F_MAP_PUBLIC_ADD","ALL","F_CHART_EXTERNAL","F_APPROVE_DATA_LOWER_LEVELS","F_METADATA_EXPORT","F_METADATA_IMPORT","F_ACCEPT_DATA_LOWER_LEVELS","F_REPORTTABLE_PUBLIC_ADD","F_REPORTTABLE_EXTERNAL","F_APPROVE_DATA","F_METADATA_SUBSET_EXPORT","F_MAP_EXTERNAL","F_USERGROUP_PUBLIC_ADD"]},{"id":"TxA94wRZfrj","name":"hii-admin","created":"2014-12-17T09:45:19.972+0000","lastUpdated":"2014-12-31T11:38:00.430+0000","description":"","authorities":["F_TRACKED_ENTITY_INSTANCE_SEARCH","F_PROGRAMSTAGE_SECTION_ADD","F_PROGRAM_PUBLIC_ADD","F_PROGRAM_INSTANCE_MANAGEMENT","F_TRACKED_ENTITY_ADD","F_TRACKED_ENTITY_INSTANCE_SEARCH_IN_ALL_ORGUNITS","M_dhis-web-maintenance-program","F_TRACKED_ENTITY_DELETE","F_PROGRAMSTAGE_DELETE","F_PROGRAM_ENROLLMENT","F_PROGRAMSTAGE_ADD","M_dhis-web-dashboard-integration","F_PROGRAMSTAGE_SECTION_DELETE","F_PROGRAM_INSTANCE_DELETE","F_TRACKED_ENTITY_COMMENT_ADD","F_TRACKED_ENTITY_INSTANCE_ADD","F_RELATIONSHIP_ADD","F_PROGRAM_PRIVATE_ADD","F_TRACKED_ENTITY_ATTRIBUTE_EDIT","F_TRACKED_ENTITY_ATTRIBUTE_PUBLIC_ADD","F_TRACKED_ENTITY_ATTRIBUTE_PRIVATE_ADD","F_TRACKED_ENTITY_ATTRIBUTE_DELETE","F_PROGRAM_DELETE","F_RELATIONSHIPTYPE_ADD"]},{"id":"zckvJHtn7xO","name":"hii-guest","created":"2014-12-17T04:58:09.300+0000","lastUpdated":"2015-01-19T09:20:53.382+0000","description":"","authorities":["F_TRACKED_ENTITY_INSTANCE_SEARCH","M_dhis-web-dashboard-integration","F_TRACKED_ENTITY_INSTANCE_MANAGEMENT","M_dhis-web-event-visualizer","F_TRACKED_ENTITY_ATTRIBUTE_VIEW","F_TRACKED_ENTITY_DATAVALUE_ADD","F_TRACKED_ENTITY_INSTANCE_SEARCH_IN_ALL_ORGUNITS","M_dhis-web-event-reports"],"dataSets":[{"id":"DAU3wTArQoi","name":"Grk- demo data set","created":"2015-01-07T02:04:27.678+0000","lastUpdated":"2015-01-13T00:30:54.897+0000"}]},{"id":"W4xfeN1ELuD","name":"hii-user","created":"2014-12-17T09:20:06.601+0000","lastUpdated":"2015-01-19T10:43:01.572+0000","description":"","authorities":["F_PROGRAM_STAGE_COMPLETENESS","F_TRACKED_ENTITY_INSTANCE_SEARCH","F_TRACKED_ENTITY_INSTANCE_MANAGEMENT","F_PROGRAM_PUBLIC_ADD","F_TRACKED_ENTITY_INSTANCE_CHANGE_LOCATION","M_dhis-web-event-visualizer","F_PROGRAM_INSTANCE_MANAGEMENT","F_RELATIONSHIP_MANAGEMENT","F_TRACKED_ENTITY_ATTRIBUTE_VIEW","F_TRACKED_ENTITY_INSTANCE_SEARCH_IN_ALL_ORGUNITS","F_TRACKED_ENTITY_DATAVALUE_ADD","F_TRACKED_ENTITY_DELETE","F_PROGRAMSTAGE_ADD","F_PROGRAM_ENROLLMENT","M_dhis-web-dashboard-integration","F_TRACKED_ENTITY_COMMENT_DELETE","F_TRACKED_ENTITY_COMMENT_ADD","F_PROGRAM_STAGE_INSTANCE_DELETE","F_TRACKED_ENTITY_INSTANCE_ADD","F_RELATIONSHIP_ADD","F_TRACKED_ENTITY_ATTRIBUTE_EDIT","F_TRACKED_ENTITY_ATTRIBUTE_PUBLIC_ADD","F_TRACKED_ENTITY_ATTRIBUTE_PRIVATE_ADD","F_SINGLE_EVENT_DATA_ENTRY","M_dhis-web-event-reports"]},{"id":"dO1wV29GTc1","name":"root_provincial","created":"2014-04-18T10:02:06.009+0000","lastUpdated":"2015-01-26T11:57:32.742+0000","description":"","authorities":["M_dhis-web-maintenance-appmanager","M_dhis-web-maintenance-user","F_ORGANISATIONUNIT_MOVE","M_dhis-web-reporting","F_ADD_TRACKED_ENTITY_FORM","F_USER_DELETE","M_dhis-web-maintenance-dataset","F_METADATA_IMPORT","F_ACCEPT_DATA_LOWER_LEVELS","F_ACTIVITY_PLAN","M_dhis-web-pivot","M_dhis-web-dashboard-integration","F_ORGANISATIONUNIT_ADD","M_dhis-web-dataentry","M_dhis-web-mobile","F_USER_VIEW","M_dhis-web-sms","M_dhis-web-light","M_dhis-web-maintenance-datadictionary","M_dhis-web-maintenance-settings","M_dhis-web-maintenance-patient","F_METADATA_EXPORT","M_dhis-web-mapping","M_dhis-web-validationrule","M_dhis-web-maintenance-organisationunit","M_dhis-web-importexport","M_dhis-web-caseentry","M_dhis-web-visualizer","M_dhis-web-maintenance-dataadmin","M_dhis-web-maintenance-mobile","F_USER_ADD","F_ORGANISATIONUNIT_DELETE"]}]}